replicate,temperature,seed,lattice_size,n_spins,coupling,field,boltzmann_constant,initial_state,burn_in_sweeps,production_sweeps,sample_every,n_recorded_samples,mean_total_energy,mean_energy_squared,mean_energy_per_spin,mean_signed_magnetisation,mean_magnetisation_squared,mean_absolute_magnetisation,mean_acceptance_fraction,first_half_mean_energy_per_spin,second_half_mean_energy_per_spin,first_half_mean_absolute_magnetisation,second_half_mean_absolute_magnetisation
0,1.5,23000,20,400,1.0,0.0,1.0,up,1000,2000,1,2000,-780.454,609294.872,-1.9511349999999998,0.9866199999999999,0.9735201249999998,0.9866199999999999,0.013263750000000001,-1.9555,-1.94677,0.9879399999999999,0.9853
0,1.7,23001,20,400,1.0,0.0,1.0,up,1000,2000,1,2000,-758.866,576261.288,-1.897165,0.9699175,0.9410014874999998,0.9699175,0.02906875,-1.8964,-1.89793,0.96956,0.9702750000000001
0,1.9,23002,20,400,1.0,0.0,1.0,up,1000,2000,1,2000,-727.378,529833.272,-1.818445,0.9426825,0.8893622375,0.9426825,0.054935000000000005,-1.82073,-1.81616,0.943415,0.9419500000000001
0,2.05,23003,20,400,1.0,0.0,1.0,up,1000,2000,1,2000,-685.422,471199.096,-1.7135550000000002,0.9003150000000001,0.8124897000000001,0.9003150000000001,0.09006874999999999,-1.72244,-1.7046700000000001,0.903545,0.897085
0,2.1,23004,20,400,1.0,0.0,1.0,up,1000,2000,1,2000,-665.46,444600.368,-1.66365,0.8652425,0.7551697125000001,0.8652425,0.10817750000000001,-1.67267,-1.6546299999999998,0.87425,0.8562350000000001
0,2.15,23005,20,400,1.0,0.0,1.0,up,1000,2000,1,2000,-638.4,409608.144,-1.5959999999999999,0.8318675000000001,0.6974923624999999,0.8318675000000001,0.13138999999999998,-1.5961599999999998,-1.5958400000000001,0.82948,0.834255
0,2.2,23006,20,400,1.0,0.0,1.0,up,1000,2000,1,2000,-610.928,376156.48,-1.52732,0.75834,0.598246425,0.75834,0.15645625000000002,-1.53367,-1.52097,0.77074,0.74594
0,2.23,23007,20,400,1.0,0.0,1.0,up,1000,2000,1,2000,-587.82,348929.2,-1.4695500000000001,0.6843325,0.5326992625,0.7061675000000001,0.17875125,-1.4592000000000003,-1.4799,0.6998150000000001,0.7125199999999999
0,2.25,23008,20,400,1.0,0.0,1.0,up,1000,2000,1,2000,-563.394,321369.128,-1.408485,0.34690750000000004,0.4167503875,0.5977325,0.20226249999999998,-1.40171,-1.4152599999999997,0.577115,0.61835
0,2.269185314213022,23009,20,400,1.0,0.0,1.0,up,1000,2000,1,2000,-577.03,336964.216,-1.442575,0.656695,0.49798875,0.6706850000000001,0.18957749999999998,-1.4125500000000002,-1.4726,0.60972,0.7316500000000001
0,2.29,23010,20,400,1.0,0.0,1.0,up,1000,2000,1,2000,-547.668,303518.592,-1.36917,-0.3984625,0.3968507875,0.5939125000000002,0.21716,-1.35848,-1.37986,0.5669350000000001,0.62089
0,2.32,23011,20,400,1.0,0.0,1.0,up,1000,2000,1,2000,-529.288,283745.296,-1.32322,-0.043327499999999984,0.3205763625,0.5123675000000001,0.233745,-1.32898,-1.31746,0.54977,0.474965
0,2.35,23012,20,400,1.0,0.0,1.0,up,1000,2000,1,2000,-542.676,298330.576,-1.3566900000000002,0.19800000000000004,0.42734539999999993,0.61841,0.2227425,-1.3354000000000001,-1.37798,0.58125,0.65557
0,2.4,23013,20,400,1.0,0.0,1.0,up,1000,2000,1,2000,-496.306,249373.128,-1.240765,0.20455249999999997,0.2692212875,0.47129750000000004,0.26868125,-1.24561,-1.23592,0.478,0.464595
0,2.5,23014,20,400,1.0,0.0,1.0,up,1000,2000,1,2000,-439.854,195545.176,-1.099635,0.030402499999999975,0.1017876875,0.2616175,0.32628250000000003,-1.0931199999999999,-1.1061500000000002,0.24105500000000005,0.28218
0,2.7,23015,20,400,1.0,0.0,1.0,up,1000,2000,1,2000,-383.2,148637.984,-0.958,-0.027822499999999997,0.0586227375,0.1973075,0.39068,-0.9638900000000001,-0.95211,0.20959999999999998,0.18501499999999999
0,3.0,23016,20,400,1.0,0.0,1.0,up,1000,2000,1,2000,-325.31,107310.072,-0.813275,-0.0075,0.026732375,0.13075499999999998,0.46285750000000003,-0.8119599999999999,-0.81459,0.131865,0.12964499999999998
0,3.5,23017,20,400,1.0,0.0,1.0,up,1000,2000,1,2000,-266.812,72413.296,-0.66703,-0.011435000000000002,0.018470749999999998,0.10764,0.5452437500000001,-0.67103,-0.66303,0.110685,0.104595
1,1.5,23018,20,400,1.0,0.0,1.0,up,1000,2000,1,2000,-780.422,609248.68,-1.951055,0.9864749999999999,0.9732446999999999,0.9864749999999999,0.013325000000000002,-1.9529500000000002,-1.9491600000000002,0.9870599999999999,0.9858899999999998
1,1.7,23019,20,400,1.0,0.0,1.0,up,1000,2000,1,2000,-758.066,575063.656,-1.895165,0.9693299999999999,0.9398726999999999,0.9693299999999999,0.029680000000000005,-1.8949500000000001,-1.89538,0.96917,0.96949
1,1.9,23020,20,400,1.0,0.0,1.0,up,1000,2000,1,2000,-723.924,524931.232,-1.80981,0.93782,0.88053995,0.93782,0.057322500000000005,-1.8142399999999999,-1.80538,0.94007,0.93557
1,2.05,23021,20,400,1.0,0.0,1.0,up,1000,2000,1,2000,-688.786,475847.096,-1.721965,0.9001175,0.8128125374999999,0.9001175,0.0884825,-1.7309,-1.71303,0.9074800000000001,0.892755
1,2.1,23022,20,400,1.0,0.0,1.0,up,1000,2000,1,2000,-668.252,448016.112,-1.6706299999999998,0.8777225,0.7731986125000001,0.8777225,0.10558624999999999,-1.6684700000000001,-1.67279,0.87527,0.8801749999999999
1,2.15,23023,20,400,1.0,0.0,1.0,up,1000,2000,1,2000,-641.942,413864.136,-1.604855,0.8398375,0.7096615375,0.8398375,0.12899375000000002,-1.5931600000000001,-1.61655,0.835095,0.8445799999999999
1,2.2,23024,20,400,1.0,0.0,1.0,up,1000,2000,1,2000,-614.918,381258.312,-1.537295,0.7699225,0.6202181625,0.7704924999999999,0.15394249999999998,-1.52976,-1.54483,0.7476949999999999,0.7932899999999999
1,2.23,23025,20,400,1.0,0.0,1.0,up,1000,2000,1,2000,-605.798,369864.344,-1.514495,0.767235,0.60329775,0.767235,0.162865,-1.5158200000000002,-1.5131700000000001,0.772745,0.761725
1,2.25,23026,20,400,1.0,0.0,1.0,up,1000,2000,1,2000,-611.396,375921.888,-1.52849,0.7967000000000001,0.6419668,0.7967000000000001,0.15774000000000002,-1.52949,-1.5274899999999998,0.7970900000000001,0.79631
1,2.269185314213022,23027,20,400,1.0,0.0,1.0,up,1000,2000,1,2000,-590.792,351634.048,-1.4769800000000002,-0.753475,0.580182625,0.753475,0.17655,-1.46673,-1.48723,0.742565,0.764385
1,2.29,23028,20,400,1.0,0.0,1.0,up,1000,2000,1,2000,-562.32,319330.752,-1.4058000000000002,-0.1522075,0.46690926250000003,0.6559275,0.20306124999999997,-1.38704,-1.42456,0.6069,0.7049549999999999
1,2.32,23029,20,400,1.0,0.0,1.0,up,1000,2000,1,2000,-554.252,310725.04,-1.38563,-0.17059250000000004,0.45956298749999996,0.6467625,0.21051625000000002,-1.4036600000000001,-1.3676,0.665665,0.62786
1,2.35,23030,20,400,1.0,0.0,1.0,up,1000,2000,1,2000,-518.012,271547.056,-1.29503,-0.453735,0.30379532500000006,0.5022300000000001,0.245415,-1.28851,-1.3015500000000002,0.504995,0.49946500000000005
1,2.4,23031,20,400,1.0,0.0,1.0,up,1000,2000,1,2000,-502.886,255872.392,-1.257215,0.3909875,0.28627461249999997,0.49049249999999994,0.26183375000000003,-1.23493,-1.2795,0.435965,0.54502
1,2.5,23032,20,400,1.0,0.0,1.0,up,1000,2000,1,2000,-453.536,208595.056,-1.13384,0.11256500000000003,0.17987185,0.36968000000000006,0.31249875000000005,-1.11041,-1.15727,0.355435,0.38392500000000007
1,2.7,23033,20,400,1.0,0.0,1.0,up,1000,2000,1,2000,-384.722,149695.72,-0.9618049999999999,-0.0519075,0.055502087500000005,0.1904525,0.38999,-0.9644299999999999,-0.9591799999999999,0.191195,0.18971000000000002
1,3.0,23034,20,400,1.0,0.0,1.0,up,1000,2000,1,2000,-324.698,106849.368,-0.8117449999999999,-0.01334,0.028035675000000003,0.136205,0.46301125000000004,-0.81198,-0.81151,0.12250499999999999,0.149905
1,3.5,23035,20,400,1.0,0.0,1.0,up,1000,2000,1,2000,-263.99,70878.568,-0.659975,-0.0010374999999999987,0.015391687499999999,0.0991675,0.54707375,-0.6604099999999999,-0.65954,0.101845,0.09649
2,1.5,23036,20,400,1.0,0.0,1.0,up,1000,2000,1,2000,-779.78,608260.096,-1.94945,0.98596,0.9722344249999999,0.98596,0.013560000000000003,-1.94737,-1.9515300000000002,0.9853799999999999,0.98654
2,1.7,23037,20,400,1.0,0.0,1.0,up,1000,2000,1,2000,-760.28,578407.952,-1.9006999999999998,0.9711525000000001,0.9434053625,0.9711525000000001,0.028511250000000005,-1.9002800000000002,-1.90112,0.971105,0.9712000000000001
2,1.9,23038,20,400,1.0,0.0,1.0,up,1000,2000,1,2000,-723.502,524325.352,-1.808755,0.9367624999999999,0.8787553124999999,0.9367624999999999,0.057721249999999995,-1.81276,-1.80475,0.940635,0.9328899999999999
2,2.05,23039,20,400,1.0,0.0,1.0,up,1000,2000,1,2000,-683.862,469044.504,-1.709655,0.8944500000000001,0.80241275,0.8944500000000001,0.09153499999999999,-1.70444,-1.71487,0.8904050000000001,0.898495
2,2.1,23040,20,400,1.0,0.0,1.0,up,1000,2000,1,2000,-666.698,446143.0,-1.666745,0.87258,0.7654369,0.87258,0.10686500000000002,-1.6649699999999998,-1.66852,0.87061,0.87455
2,2.15,23041,20,400,1.0,0.0,1.0,up,1000,2000,1,2000,-650.146,424549.816,-1.625365,0.8511025,0.7299556624999999,0.8511025,0.12258875000000001,-1.62957,-1.62116,0.849665,0.8525400000000001
2,2.2,23042,20,400,1.0,0.0,1.0,up,1000,2000,1,2000,-613.996,379861.696,-1.5349899999999999,0.7720025,0.6218082125,0.7720475,0.15483125,-1.55985,-1.5101300000000002,0.81421,0.729885
2,2.23,23043,20,400,1.0,0.0,1.0,up,1000,2000,1,2000,-609.566,373844.536,-1.5239150000000001,-0.79056,0.6350694,0.79056,0.1584275,-1.5298800000000001,-1.5179500000000001,0.79371,0.78741
2,2.25,23044,20,400,1.0,0.0,1.0,up,1000,2000,1,2000,-586.138,347476.2,-1.4653450000000001,0.6929025,0.5230693125,0.6936475000000001,0.18063125,-1.49233,-1.43836,0.75427,0.6330250000000001
2,2.269185314213022,23045,20,400,1.0,0.0,1.0,up,1000,2000,1,2000,-580.43,339597.096,-1.451075,-0.7061375000000001,0.5252451125,0.7061375000000001,0.18558375000000002,-1.44285,-1.4593,0.7096800000000001,0.7025950000000001
2,2.29,23046,20,400,1.0,0.0,1.0,up,1000,2000,1,2000,-573.112,331721.792,-1.43278,-0.3935325,0.5078746125,0.6874325000000001,0.19440125,-1.4773600000000002,-1.3882,0.7590100000000001,0.615855
2,2.32,23047,20,400,1.0,0.0,1.0,up,1000,2000,1,2000,-515.264,268789.072,-1.28816,0.2819975,0.2400634625,0.4156125,0.24718374999999998,-1.2650700000000001,-1.31125,0.367105,0.46412
2,2.35,23048,20,400,1.0,0.0,1.0,up,1000,2000,1,2000,-514.514,268922.056,-1.2862850000000001,0.2154025,0.32118913749999994,0.5151275000000001,0.248575,-1.3319299999999998,-1.24064,0.5894149999999999,0.44084
2,2.4,23049,20,400,1.0,0.0,1.0,up,1000,2000,1,2000,-497.284,250343.104,-1.24321,0.16328,0.27161607499999996,0.474985,0.2674525,-1.20096,-1.28546,0.387905,0.562065
2,2.5,23050,20,400,1.0,0.0,1.0,up,1000,2000,1,2000,-448.21,203502.12,-1.120525,0.047405,0.1531066,0.33191499999999996,0.3171675,-1.1079700000000001,-1.1330799999999999,0.29289499999999996,0.370935
2,2.7,23051,20,400,1.0,0.0,1.0,up,1000,2000,1,2000,-384.75,149890.36,-0.961875,-0.04383000000000001,0.056313175,0.19086,0.38839375000000004,-0.9702999999999999,-0.95345,0.19807500000000003,0.183645
2,3.0,23052,20,400,1.0,0.0,1.0,up,1000,2000,1,2000,-327.294,108538.104,-0.8182349999999999,-0.011852500000000002,0.027501962499999998,0.1305225,0.46097625,-0.82102,-0.81545,0.140275,0.12077000000000002
2,3.5,23053,20,400,1.0,0.0,1.0,up,1000,2000,1,2000,-262.248,69926.624,-0.65562,0.012435,0.015326125,0.09940500000000001,0.5490962500000001,-0.6511699999999999,-0.66007,0.10269999999999999,0.09611000000000001
3,1.5,23054,20,400,1.0,0.0,1.0,up,1000,2000,1,2000,-780.806,609829.336,-1.952015,0.9868174999999999,0.9739037875,0.9868174999999999,0.013333750000000002,-1.95239,-1.9516399999999998,0.9869399999999998,0.986695
3,1.7,23055,20,400,1.0,0.0,1.0,up,1000,2000,1,2000,-760.26,578380.736,-1.90065,0.97067,0.9425006249999999,0.97067,0.028648750000000004,-1.90275,-1.89855,0.9713800000000001,0.96996
3,1.9,23056,20,400,1.0,0.0,1.0,up,1000,2000,1,2000,-723.488,524272.656,-1.80872,0.938245,0.8812991499999999,0.938245,0.05786,-1.80158,-1.81586,0.934715,0.9417750000000001
3,2.05,23057,20,400,1.0,0.0,1.0,up,1000,2000,1,2000,-687.604,474001.712,-1.7190100000000001,0.9022100000000001,0.8156419249999999,0.9022100000000001,0.08882625,-1.71627,-1.72175,0.90059,0.9038299999999999
3,2.1,23058,20,400,1.0,0.0,1.0,up,1000,2000,1,2000,-665.092,443901.216,-1.66273,0.8715475000000001,0.7632462625,0.8715475000000001,0.10853375,-1.6684400000000001,-1.65702,0.8770300000000001,0.8660650000000001
3,2.15,23059,20,400,1.0,0.0,1.0,up,1000,2000,1,2000,-653.696,428951.856,-1.6342400000000001,0.8602725,0.7433269625000001,0.8602725,0.11907999999999999,-1.6437399999999998,-1.62474,0.8656050000000001,0.85494
3,2.2,23060,20,400,1.0,0.0,1.0,up,1000,2000,1,2000,-628.356,397031.776,-1.57089,0.8247374999999999,0.6860006125,0.8247374999999999,0.14287,-1.5829699999999998,-1.55881,0.8363799999999999,0.813095
3,2.23,23061,20,400,1.0,0.0,1.0,up,1000,2000,1,2000,-607.758,372004.872,-1.519395,0.7834500000000001,0.62790855,0.7834500000000001,0.16095375,-1.51901,-1.5197800000000001,0.78577,0.78113
3,2.25,23062,20,400,1.0,0.0,1.0,up,1000,2000,1,2000,-569.492,327835.472,-1.42373,0.1908425,0.47178631249999997,0.6531425,0.19492,-1.44868,-1.3987800000000001,0.72165,0.584635
3,2.269185314213022,23063,20,400,1.0,0.0,1.0,up,1000,2000,1,2000,-561.868,318877.536,-1.40467,0.6368225,0.4493628375,0.6456375000000001,0.20291875,-1.39421,-1.41513,0.62113,0.670145
3,2.29,23064,20,400,1.0,0.0,1.0,up,1000,2000,1,2000,-550.768,307073.04,-1.3769200000000001,-0.0027574999999999362,0.4017279125,0.5924225,0.21425125,-1.40097,-1.3528699999999998,0.6346900000000001,0.550155
3,2.32,23065,20,400,1.0,0.0,1.0,up,1000,2000,1,2000,-556.024,312335.2,-1.39006,0.6697000000000001,0.476601025,0.6702550000000002,0.21064125,-1.36325,-1.4168699999999999,0.62739,0.7131200000000001
3,2.35,23066,20,400,1.0,0.0,1.0,up,1000,2000,1,2000,-531.37,285976.744,-1.328425,0.03604249999999996,0.36370173749999996,0.5571175,0.2338275,-1.31908,-1.33777,0.5525549999999999,0.5616800000000001
3,2.4,23067,20,400,1.0,0.0,1.0,up,1000,2000,1,2000,-495.54,248855.6,-1.23885,0.2564475,0.27107713750000006,0.46856749999999997,0.26752625,-1.2125599999999999,-1.26514,0.41729999999999995,0.519835
3,2.5,23068,20,400,1.0,0.0,1.0,up,1000,2000,1,2000,-434.93,191041.528,-1.087325,0.11742999999999999,0.077656125,0.2243,0.33058124999999994,-1.10006,-1.07459,0.26484500000000005,0.183755
3,2.7,23069,20,400,1.0,0.0,1.0,up,1000,2000,1,2000,-386.296,151054.944,-0.9657399999999999,-0.040275,0.059138550000000005,0.19226,0.38677374999999997,-0.9694400000000001,-0.96204,0.215025,0.169495
3,3.0,23070,20,400,1.0,0.0,1.0,up,1000,2000,1,2000,-329.306,109843.464,-0.8232649999999999,-0.021890000000000007,0.0318836,0.14439999999999997,0.45887874999999995,-0.82556,-0.82097,0.14837999999999998,0.14042
3,3.5,23071,20,400,1.0,0.0,1.0,up,1000,2000,1,2000,-264.714,71303.752,-0.661785,0.004112500000000001,0.0160874875,0.1020625,0.54699875,-0.6592100000000001,-0.66436,0.10227000000000001,0.101855
4,1.5,23072,20,400,1.0,0.0,1.0,up,1000,2000,1,2000,-779.694,608108.04,-1.9492349999999998,0.9858499999999999,0.9720208,0.9858499999999999,0.013848750000000003,-1.9473200000000002,-1.9511500000000002,0.9853999999999998,0.9863
4,1.7,23073,20,400,1.0,0.0,1.0,up,1000,2000,1,2000,-757.964,574945.088,-1.89491,0.96842,0.9382480999999998,0.96842,0.029910000000000003,-1.89678,-1.89304,0.9694449999999999,0.967395
4,1.9,23074,20,400,1.0,0.0,1.0,up,1000,2000,1,2000,-724.42,525606.752,-1.8110499999999998,0.9383025,0.8815267625,0.9383025,0.0573375,-1.81154,-1.81056,0.93984,0.936765
4,2.05,23075,20,400,1.0,0.0,1.0,up,1000,2000,1,2000,-680.886,465077.224,-1.7022149999999998,0.8870950000000001,0.791277075,0.8870950000000001,0.09405625000000001,-1.69828,-1.70615,0.88312,0.8910699999999999
4,2.1,23076,20,400,1.0,0.0,1.0,up,1000,2000,1,2000,-661.53,439297.368,-1.6538249999999999,0.86412,0.7508871749999999,0.86412,0.1107775,-1.64289,-1.66476,0.854345,0.873895
4,2.15,23077,20,400,1.0,0.0,1.0,up,1000,2000,1,2000,-645.066,417899.688,-1.612665,0.8459099999999999,0.720204675,0.8459099999999999,0.1252025,-1.60507,-1.62026,0.8394649999999999,0.852355
4,2.2,23078,20,400,1.0,0.0,1.0,up,1000,2000,1,2000,-621.99,389293.944,-1.554975,0.7999625000000001,0.6513695624999999,0.7999625000000001,0.14703250000000004,-1.56426,-1.54569,0.8144000000000001,0.785525
4,2.23,23079,20,400,1.0,0.0,1.0,up,1000,2000,1,2000,-612.63,377276.856,-1.531575,0.80148,0.647778575,0.80148,0.15517250000000002,-1.53722,-1.5259299999999998,0.8040499999999999,0.7989100000000001
4,2.25,23080,20,400,1.0,0.0,1.0,up,1000,2000,1,2000,-588.548,348978.912,-1.47137,-0.7301825,0.5523609875,0.7301825,0.17796625,-1.45891,-1.48383,0.70826,0.752105
4,2.269185314213022,23081,20,400,1.0,0.0,1.0,up,1000,2000,1,2000,-594.434,355914.92,-1.4860849999999999,0.7565475,0.5868827125,0.7565824999999999,0.173875,-1.4781999999999997,-1.49397,0.7501749999999999,0.7629900000000001
4,2.29,23082,20,400,1.0,0.0,1.0,up,1000,2000,1,2000,-573.674,332371.4,-1.434185,-0.698965,0.5120833250000001,0.698965,0.19339749999999997,-1.46573,-1.4026399999999999,0.73914,0.65879
4,2.32,23083,20,400,1.0,0.0,1.0,up,1000,2000,1,2000,-546.108,301892.032,-1.3652699999999998,0.5726800000000001,0.41941702499999994,0.608875,0.21940750000000003,-1.4083299999999999,-1.32221,0.7037,0.51405
4,2.35,23084,20,400,1.0,0.0,1.0,up,1000,2000,1,2000,-508.838,261892.008,-1.272095,0.09072250000000003,0.2706638625000001,0.4656075,0.25425375,-1.29443,-1.2497600000000002,0.529625,0.40159000000000006
4,2.4,23085,20,400,1.0,0.0,1.0,up,1000,2000,1,2000,-491.194,244099.928,-1.227985,-0.2736375,0.2358548125,0.4270825,0.27265875,-1.24803,-1.20794,0.48535999999999996,0.368805
4,2.5,23086,20,400,1.0,0.0,1.0,up,1000,2000,1,2000,-457.59,212000.44,-1.143975,0.026679999999999992,0.166453175,0.34934,0.30754375000000006,-1.13313,-1.1548200000000002,0.313905,0.384775
4,2.7,23087,20,400,1.0,0.0,1.0,up,1000,2000,1,2000,-387.794,152069.528,-0.9694849999999999,-0.026122500000000003,0.0633391625,0.2073875,0.38522,-0.9772000000000001,-0.96177,0.224625,0.19015
4,3.0,23088,20,400,1.0,0.0,1.0,up,1000,2000,1,2000,-328.77,109457.496,-0.8219249999999999,-0.026375000000000003,0.029047049999999998,0.13315,0.46006125,-0.82347,-0.82038,0.130485,0.135815
4,3.5,23089,20,400,1.0,0.0,1.0,up,1000,2000,1,2000,-262.152,70048.592,-0.65538,0.00042500000000000074,0.012911925,0.091245,0.5488399999999999,-0.6528099999999999,-0.65795,0.09287000000000001,0.08962
